{"cameraMode":{"drawMode":0,"name":"Shaded","section":"Shading Mode"},"sceneLighting":false,"audioPlay":false,"sceneViewState":{"showFog":true,"showMaterialUpdate":false,"showSkybox":true,"showFlares":true,"showImageEffects":true,"showParticleSystems":true},"in2DMode":false,"pivot":{"x":11.96975040435791,"y":10.920675277709961,"z":-11.41794204711914},"rotation":{"x":-0.16506336629390717,"y":0.2462613731622696,"z":-0.042604561895132068,"w":-0.9540934562683106},"size":33.69514083862305,"orthographic":false}