{"cameraMode":{"drawMode":0,"name":"Shaded","section":"Shading Mode"},"sceneLighting":false,"audioPlay":false,"sceneViewState":{"showFog":true,"showMaterialUpdate":false,"showSkybox":true,"showFlares":true,"showImageEffects":true,"showParticleSystems":true},"in2DMode":false,"pivot":{"x":6.936145782470703,"y":4.841573238372803,"z":-3.958881378173828},"rotation":{"x":-0.21018049120903016,"y":0.021112997084856035,"z":-0.004540047608315945,"w":-0.977424144744873},"size":10.0,"orthographic":false}