{"cameraMode":{"drawMode":0,"name":"Shaded","section":"Shading Mode"},"sceneLighting":false,"audioPlay":false,"sceneViewState":{"showFog":true,"showMaterialUpdate":false,"showSkybox":true,"showFlares":true,"showImageEffects":true,"showParticleSystems":true},"in2DMode":false,"pivot":{"x":12.455133438110352,"y":9.162343978881836,"z":-8.868735313415528},"rotation":{"x":-0.22194597125053407,"y":0.0005825439584441483,"z":-0.0001326013298239559,"w":-0.9750587940216065},"size":10.043379783630371,"orthographic":false}