{"cameraMode":{"drawMode":0,"name":"Shaded","section":"Shading Mode"},"sceneLighting":false,"audioPlay":false,"sceneViewState":{"showFog":true,"showMaterialUpdate":false,"showSkybox":true,"showFlares":true,"showImageEffects":true,"showParticleSystems":true},"in2DMode":false,"pivot":{"x":14.837177276611329,"y":2.0645546913146974,"z":-52.16679763793945},"rotation":{"x":0.06543999910354614,"y":-0.07865094393491745,"z":-0.005174247082322836,"w":-0.9947386384010315},"size":0.00005715767838410102,"orthographic":false}