{"cameraMode":{"drawMode":0,"name":"Shaded","section":"Shading Mode"},"sceneLighting":false,"audioPlay":false,"sceneViewState":{"showFog":true,"showMaterialUpdate":false,"showSkybox":true,"showFlares":true,"showImageEffects":true,"showParticleSystems":true},"in2DMode":false,"pivot":{"x":4.443804740905762,"y":0.1288406252861023,"z":8.157763481140137},"rotation":{"x":-0.05849207565188408,"y":-0.0980742946267128,"z":0.005774395540356636,"w":-0.9934419393539429},"size":20.201663970947267,"orthographic":false}